"","B1","P1","P4","S1","S2","S5"
"LE07_CU_007013_20070101_20170922_C01_V01_LINEAGEQA",1,1,1,2,2,2
"LE07_CU_007013_20070101_20170922_C01_V01_PIXELQA",68,68,68,68,68,68
"LE07_CU_007013_20070101_20170922_C01_V01_RADSATQA",0,0,0,0,0,0
"LE07_CU_007013_20070101_20170922_C01_V01_SRATMOSOPACITYQA",9,9,9,8,8,8
"LE07_CU_007013_20070101_20170922_C01_V01_SRB1",471,324,363.5,254.333333333333,313,249
"LE07_CU_007013_20070101_20170922_C01_V01_SRB2",635,292.666666666667,357.5,278,305.666666666667,272.5
"LE07_CU_007013_20070101_20170922_C01_V01_SRB3",443,163.666666666667,184.5,189.333333333333,235.333333333333,186
"LE07_CU_007013_20070101_20170922_C01_V01_SRB4",154,112,112,127.333333333333,194,153
"LE07_CU_007013_20070101_20170922_C01_V01_SRB5",73,73,34,72,97.3333333333333,53
"LE07_CU_007013_20070101_20170922_C01_V01_SRB7",18.5,38.6666666666667,NA,50.6666666666667,50.3333333333333,76
"LE07_CU_007013_20070101_20170922_C01_V01_SRCLOUDQA",32,32,32,32,32,32
"LE07_CU_007013_20070117_20170922_C01_V01_LINEAGEQA",1,1,1,NA,2,2
"LE07_CU_007013_20070117_20170922_C01_V01_PIXELQA",68,68,68,NA,68,68
"LE07_CU_007013_20070117_20170922_C01_V01_RADSATQA",0,0,0,NA,0,0
"LE07_CU_007013_20070117_20170922_C01_V01_SRATMOSOPACITYQA",8,9,9,NA,8,8
"LE07_CU_007013_20070117_20170922_C01_V01_SRB1",492.5,315.333333333333,307,NA,236.666666666667,286
"LE07_CU_007013_20070117_20170922_C01_V01_SRB2",709,305,306,NA,273,274
"LE07_CU_007013_20070117_20170922_C01_V01_SRB3",567.5,168,168.5,NA,225.333333333333,183.5
"LE07_CU_007013_20070117_20170922_C01_V01_SRB4",182,117.666666666667,105,NA,180.666666666667,181
"LE07_CU_007013_20070117_20170922_C01_V01_SRB5",105,56.6666666666667,32,NA,128,104
"LE07_CU_007013_20070117_20170922_C01_V01_SRB7",55,36.3333333333333,55,NA,121.333333333333,54
"LE07_CU_007013_20070117_20170922_C01_V01_SRCLOUDQA",32,32,32,0,32,32
"LE07_CU_007013_20070126_20170922_C01_V01_LINEAGEQA",2,NA,NA,2,2,NA
"LE07_CU_007013_20070126_20170922_C01_V01_PIXELQA",68,NA,NA,68,68,NA
"LE07_CU_007013_20070126_20170922_C01_V01_RADSATQA",0,NA,NA,0,0,NA
"LE07_CU_007013_20070126_20170922_C01_V01_SRATMOSOPACITYQA",9,NA,NA,19,19,NA
"LE07_CU_007013_20070126_20170922_C01_V01_SRB1",492,NA,NA,262,295,NA
"LE07_CU_007013_20070126_20170922_C01_V01_SRB2",541,NA,NA,236.333333333333,239,NA
"LE07_CU_007013_20070126_20170922_C01_V01_SRB3",377,NA,NA,150.666666666667,216.666666666667,NA
"LE07_CU_007013_20070126_20170922_C01_V01_SRB4",126,NA,NA,124.333333333333,148.666666666667,NA
"LE07_CU_007013_20070126_20170922_C01_V01_SRB5",68,NA,NA,54.3333333333333,112,NA
"LE07_CU_007013_20070126_20170922_C01_V01_SRB7",71,NA,NA,46.3333333333333,71,NA
"LE07_CU_007013_20070126_20170922_C01_V01_SRCLOUDQA",32,0,0,32,32,0
"LE07_CU_007013_20070202_20170922_C01_V01_LINEAGEQA",1,1,1,2,2,NA
"LE07_CU_007013_20070202_20170922_C01_V01_PIXELQA",192,68,68,68,68,NA
"LE07_CU_007013_20070202_20170922_C01_V01_RADSATQA",0,0,0,0,0,NA
"LE07_CU_007013_20070202_20170922_C01_V01_SRATMOSOPACITYQA",8,9,9,9,9,NA
"LE07_CU_007013_20070202_20170922_C01_V01_SRB1",831.5,289,324,317.666666666667,297,NA
"LE07_CU_007013_20070202_20170922_C01_V01_SRB2",1024.5,285,295,307.666666666667,408,NA
"LE07_CU_007013_20070202_20170922_C01_V01_SRB3",898,173,212.5,218.666666666667,275,NA
"LE07_CU_007013_20070202_20170922_C01_V01_SRB4",828.5,116.333333333333,128,164,267,NA
"LE07_CU_007013_20070202_20170922_C01_V01_SRB5",988.5,51.6666666666667,46,84,95,NA
"LE07_CU_007013_20070202_20170922_C01_V01_SRB7",898.5,33,84,21,133,NA
"LE07_CU_007013_20070202_20170922_C01_V01_SRCLOUDQA",32,32,32,32,10.6666666666667,0
"LE07_CU_007013_20070227_20170922_C01_V01_LINEAGEQA",2,NA,NA,2,2,2
"LE07_CU_007013_20070227_20170922_C01_V01_PIXELQA",68,NA,NA,68,68,68
"LE07_CU_007013_20070227_20170922_C01_V01_RADSATQA",0,NA,NA,0,0,0
"LE07_CU_007013_20070227_20170922_C01_V01_SRATMOSOPACITYQA",28,NA,NA,15,15,15
"LE07_CU_007013_20070227_20170922_C01_V01_SRB1",312.5,NA,NA,240.333333333333,280.666666666667,267
"LE07_CU_007013_20070227_20170922_C01_V01_SRB2",343.5,NA,NA,216,248.666666666667,265
"LE07_CU_007013_20070227_20170922_C01_V01_SRB3",208.5,NA,NA,174.666666666667,165,221
"LE07_CU_007013_20070227_20170922_C01_V01_SRB4",135,NA,NA,108,183,160
"LE07_CU_007013_20070227_20170922_C01_V01_SRB5",65,NA,NA,81,109,109
"LE07_CU_007013_20070227_20170922_C01_V01_SRB7",55,NA,NA,65,84.6666666666667,70.5
"LE07_CU_007013_20070227_20170922_C01_V01_SRCLOUDQA",32,0,0,32,32,32
"LE07_CU_007013_20070315_20170922_C01_V01_LINEAGEQA",2,NA,NA,2,NA,NA
"LE07_CU_007013_20070315_20170922_C01_V01_PIXELQA",68,NA,NA,68,NA,NA
"LE07_CU_007013_20070315_20170922_C01_V01_RADSATQA",0,NA,NA,0,NA,NA
"LE07_CU_007013_20070315_20170922_C01_V01_SRATMOSOPACITYQA",16.5,NA,NA,8,NA,NA
"LE07_CU_007013_20070315_20170922_C01_V01_SRB1",354,NA,NA,241.333333333333,NA,NA
"LE07_CU_007013_20070315_20170922_C01_V01_SRB2",473,NA,NA,339.666666666667,NA,NA
"LE07_CU_007013_20070315_20170922_C01_V01_SRB3",243,NA,NA,194.333333333333,NA,NA
"LE07_CU_007013_20070315_20170922_C01_V01_SRB4",141.5,NA,NA,137,NA,NA
"LE07_CU_007013_20070315_20170922_C01_V01_SRB5",60,NA,NA,98.6666666666667,NA,NA
"LE07_CU_007013_20070315_20170922_C01_V01_SRB7",24,NA,NA,17,NA,NA
"LE07_CU_007013_20070315_20170922_C01_V01_SRCLOUDQA",32,0,0,40,0,0
"LE07_CU_007013_20070331_20170922_C01_V01_LINEAGEQA",2,NA,NA,2,2,2
"LE07_CU_007013_20070331_20170922_C01_V01_PIXELQA",68,NA,NA,68,68,68
"LE07_CU_007013_20070331_20170922_C01_V01_RADSATQA",0,NA,NA,0,0,0
"LE07_CU_007013_20070331_20170922_C01_V01_SRATMOSOPACITYQA",39.5,NA,NA,8,8,8
"LE07_CU_007013_20070331_20170922_C01_V01_SRB1",288,NA,NA,280.333333333333,306,283.5
"LE07_CU_007013_20070331_20170922_C01_V01_SRB2",351,NA,NA,318,356.666666666667,332.5
"LE07_CU_007013_20070331_20170922_C01_V01_SRB3",199.5,NA,NA,208.666666666667,293,235
"LE07_CU_007013_20070331_20170922_C01_V01_SRB4",120,NA,NA,148,248.333333333333,166
"LE07_CU_007013_20070331_20170922_C01_V01_SRB5",52.5,NA,NA,75.6666666666667,138.333333333333,79.5
"LE07_CU_007013_20070331_20170922_C01_V01_SRB7",46,NA,NA,62.3333333333333,118.333333333333,71
"LE07_CU_007013_20070331_20170922_C01_V01_SRCLOUDQA",32,0,0,40,40,40
"LE07_CU_007013_20070407_20170923_C01_V01_LINEAGEQA",1,1,1,NA,NA,2
"LE07_CU_007013_20070407_20170923_C01_V01_PIXELQA",68,68,68,NA,NA,68
"LE07_CU_007013_20070407_20170923_C01_V01_RADSATQA",0,0,0,NA,NA,0
"LE07_CU_007013_20070407_20170923_C01_V01_SRATMOSOPACITYQA",9,9,9,NA,NA,9
"LE07_CU_007013_20070407_20170923_C01_V01_SRB1",340,303.666666666667,275.5,NA,NA,275
"LE07_CU_007013_20070407_20170923_C01_V01_SRB2",392,289,247,NA,NA,469
"LE07_CU_007013_20070407_20170923_C01_V01_SRB3",260,202,186,NA,NA,306
"LE07_CU_007013_20070407_20170923_C01_V01_SRB4",162.5,192.333333333333,142,NA,NA,178
"LE07_CU_007013_20070407_20170923_C01_V01_SRB5",65,119,65,NA,NA,133
"LE07_CU_007013_20070407_20170923_C01_V01_SRB7",57,77.6666666666667,34,NA,NA,45
"LE07_CU_007013_20070407_20170923_C01_V01_SRCLOUDQA",36,36,32,0,0,16
"LE07_CU_007013_20070416_20170922_C01_V01_LINEAGEQA",NA,NA,NA,2,NA,NA
"LE07_CU_007013_20070416_20170922_C01_V01_PIXELQA",NA,NA,NA,68,NA,NA
"LE07_CU_007013_20070416_20170922_C01_V01_RADSATQA",NA,NA,NA,0,NA,NA
"LE07_CU_007013_20070416_20170922_C01_V01_SRATMOSOPACITYQA",NA,NA,NA,11,NA,NA
"LE07_CU_007013_20070416_20170922_C01_V01_SRB1",NA,NA,NA,442,NA,NA
"LE07_CU_007013_20070416_20170922_C01_V01_SRB2",NA,NA,NA,514,NA,NA
"LE07_CU_007013_20070416_20170922_C01_V01_SRB3",NA,NA,NA,412.666666666667,NA,NA
"LE07_CU_007013_20070416_20170922_C01_V01_SRB4",NA,NA,NA,364,NA,NA
"LE07_CU_007013_20070416_20170922_C01_V01_SRB5",NA,NA,NA,286,NA,NA
"LE07_CU_007013_20070416_20170922_C01_V01_SRB7",NA,NA,NA,233.333333333333,NA,NA
"LE07_CU_007013_20070416_20170922_C01_V01_SRCLOUDQA",0,0,0,40,0,0
"LE07_CU_007013_20070502_20170922_C01_V01_LINEAGEQA",NA,NA,NA,2,2,NA
"LE07_CU_007013_20070502_20170922_C01_V01_PIXELQA",NA,NA,NA,68,68,NA
"LE07_CU_007013_20070502_20170922_C01_V01_RADSATQA",NA,NA,NA,0,0,NA
"LE07_CU_007013_20070502_20170922_C01_V01_SRATMOSOPACITYQA",NA,NA,NA,49,51,NA
"LE07_CU_007013_20070502_20170922_C01_V01_SRB1",NA,NA,NA,488.666666666667,542.333333333333,NA
"LE07_CU_007013_20070502_20170922_C01_V01_SRB2",NA,NA,NA,546,594.666666666667,NA
"LE07_CU_007013_20070502_20170922_C01_V01_SRB3",NA,NA,NA,508,538.666666666667,NA
"LE07_CU_007013_20070502_20170922_C01_V01_SRB4",NA,NA,NA,485,578.666666666667,NA
"LE07_CU_007013_20070502_20170922_C01_V01_SRB5",NA,NA,NA,463.666666666667,521.333333333333,NA
"LE07_CU_007013_20070502_20170922_C01_V01_SRB7",NA,NA,NA,397,456,NA
"LE07_CU_007013_20070502_20170922_C01_V01_SRCLOUDQA",0,0,0,27.3333333333333,2,0
"LE07_CU_007013_20070509_20170923_C01_V01_LINEAGEQA",1,1,1,NA,2,2
"LE07_CU_007013_20070509_20170923_C01_V01_PIXELQA",68,68,68,NA,68,68
"LE07_CU_007013_20070509_20170923_C01_V01_RADSATQA",0,0,0,NA,0,0
"LE07_CU_007013_20070509_20170923_C01_V01_SRATMOSOPACITYQA",8,8,8,NA,8,8
"LE07_CU_007013_20070509_20170923_C01_V01_SRB1",306,381.333333333333,342.5,NA,293,283
"LE07_CU_007013_20070509_20170923_C01_V01_SRB2",382,396,364,NA,430,416
"LE07_CU_007013_20070509_20170923_C01_V01_SRB3",252,223,183,NA,318,278
"LE07_CU_007013_20070509_20170923_C01_V01_SRB4",196,183.666666666667,126,NA,262,211
"LE07_CU_007013_20070509_20170923_C01_V01_SRB5",124,124,71.5,NA,207.666666666667,165
"LE07_CU_007013_20070509_20170923_C01_V01_SRB7",107,114.333333333333,74.5,NA,157,149
"LE07_CU_007013_20070509_20170923_C01_V01_SRCLOUDQA",34,36,32,0,36,36
"LE07_CU_007013_20070518_20170923_C01_V01_LINEAGEQA",2,NA,NA,2,2,2
"LE07_CU_007013_20070518_20170923_C01_V01_PIXELQA",68,NA,NA,68,68,68
"LE07_CU_007013_20070518_20170923_C01_V01_RADSATQA",0,NA,NA,0,0,0
"LE07_CU_007013_20070518_20170923_C01_V01_SRATMOSOPACITYQA",25,NA,NA,8,8,8
"LE07_CU_007013_20070518_20170923_C01_V01_SRB1",501.5,NA,NA,427,443.666666666667,447.5
"LE07_CU_007013_20070518_20170923_C01_V01_SRB2",571.5,NA,NA,499,531.666666666667,521
"LE07_CU_007013_20070518_20170923_C01_V01_SRB3",391.5,NA,NA,388,435,395
"LE07_CU_007013_20070518_20170923_C01_V01_SRB4",333,NA,NA,313.666666666667,382.333333333333,319
"LE07_CU_007013_20070518_20170923_C01_V01_SRB5",219,NA,NA,224,259.333333333333,231
"LE07_CU_007013_20070518_20170923_C01_V01_SRB7",140.5,NA,NA,144.666666666667,181,174
"LE07_CU_007013_20070518_20170923_C01_V01_SRCLOUDQA",40,0,0,40,40,40
"LE07_CU_007013_20070525_20170923_C01_V01_LINEAGEQA",1,1,1,NA,2,2
"LE07_CU_007013_20070525_20170923_C01_V01_PIXELQA",96,68,68,NA,68,68
"LE07_CU_007013_20070525_20170923_C01_V01_RADSATQA",0,0,0,NA,0,0
"LE07_CU_007013_20070525_20170923_C01_V01_SRATMOSOPACITYQA",16,9,12,NA,8,8
"LE07_CU_007013_20070525_20170923_C01_V01_SRB1",667,513,472.5,NA,455.333333333333,466.5
"LE07_CU_007013_20070525_20170923_C01_V01_SRB2",782.5,504.333333333333,455,NA,630,639
"LE07_CU_007013_20070525_20170923_C01_V01_SRB3",625.5,352.666666666667,298.5,NA,541.666666666667,529
"LE07_CU_007013_20070525_20170923_C01_V01_SRB4",648,294,225,NA,519.666666666667,462
"LE07_CU_007013_20070525_20170923_C01_V01_SRB5",593.5,228,164,NA,436,383.5
"LE07_CU_007013_20070525_20170923_C01_V01_SRB7",490.5,148.666666666667,116.5,NA,376,309
"LE07_CU_007013_20070525_20170923_C01_V01_SRCLOUDQA",2,36,32,0,40,40
"LE07_CU_007013_20070603_20170923_C01_V01_LINEAGEQA",2,NA,NA,2,2,2
"LE07_CU_007013_20070603_20170923_C01_V01_PIXELQA",68,NA,NA,68,68,68
"LE07_CU_007013_20070603_20170923_C01_V01_RADSATQA",0,NA,NA,0,0,0
"LE07_CU_007013_20070603_20170923_C01_V01_SRATMOSOPACITYQA",45,NA,NA,10,10,10
"LE07_CU_007013_20070603_20170923_C01_V01_SRB1",465,NA,NA,412.666666666667,424,415
"LE07_CU_007013_20070603_20170923_C01_V01_SRB2",450.5,NA,NA,448,510,462
"LE07_CU_007013_20070603_20170923_C01_V01_SRB3",281,NA,NA,337.333333333333,386.666666666667,353.5
"LE07_CU_007013_20070603_20170923_C01_V01_SRB4",253,NA,NA,275.333333333333,319.666666666667,280
"LE07_CU_007013_20070603_20170923_C01_V01_SRB5",151.5,NA,NA,187,208,166
"LE07_CU_007013_20070603_20170923_C01_V01_SRB7",105,NA,NA,149.666666666667,157,107
"LE07_CU_007013_20070603_20170923_C01_V01_SRCLOUDQA",36,0,0,40,40,40
"LE07_CU_007013_20070619_20170923_C01_V01_LINEAGEQA",NA,NA,NA,2,2,2
"LE07_CU_007013_20070619_20170923_C01_V01_PIXELQA",NA,NA,NA,68,68,68
"LE07_CU_007013_20070619_20170923_C01_V01_RADSATQA",NA,NA,NA,0,0,0
"LE07_CU_007013_20070619_20170923_C01_V01_SRATMOSOPACITYQA",NA,NA,NA,8,8,8
"LE07_CU_007013_20070619_20170923_C01_V01_SRB1",NA,NA,NA,370.333333333333,371.333333333333,354
"LE07_CU_007013_20070619_20170923_C01_V01_SRB2",NA,NA,NA,589.666666666667,580,598
"LE07_CU_007013_20070619_20170923_C01_V01_SRB3",NA,NA,NA,388.666666666667,386.666666666667,366
"LE07_CU_007013_20070619_20170923_C01_V01_SRB4",NA,NA,NA,195,228,194
"LE07_CU_007013_20070619_20170923_C01_V01_SRB5",NA,NA,NA,130.666666666667,137,103
"LE07_CU_007013_20070619_20170923_C01_V01_SRB7",NA,NA,NA,99.3333333333333,92,63.5
"LE07_CU_007013_20070619_20170923_C01_V01_SRCLOUDQA",0,0,0,40,40,40
"LE07_CU_007013_20070626_20170923_C01_V01_LINEAGEQA",1,1,1,2,2,2
"LE07_CU_007013_20070626_20170923_C01_V01_PIXELQA",68,68,68,68,68,68
"LE07_CU_007013_20070626_20170923_C01_V01_RADSATQA",0,0,0,0,0,0
"LE07_CU_007013_20070626_20170923_C01_V01_SRATMOSOPACITYQA",9,8,8,8,9,9
"LE07_CU_007013_20070626_20170923_C01_V01_SRB1",400.5,297.666666666667,292.5,334,439.333333333333,357
"LE07_CU_007013_20070626_20170923_C01_V01_SRB2",549,284.333333333333,261,582,689,595.5
"LE07_CU_007013_20070626_20170923_C01_V01_SRB3",287,172,148,389.5,506.666666666667,379
"LE07_CU_007013_20070626_20170923_C01_V01_SRB4",144,136.333333333333,125,230,367.333333333333,229
"LE07_CU_007013_20070626_20170923_C01_V01_SRB5",102,74,70.5,134,279.333333333333,133.5
"LE07_CU_007013_20070626_20170923_C01_V01_SRB7",63.5,63.6666666666667,64,97,230.666666666667,86
"LE07_CU_007013_20070626_20170923_C01_V01_SRCLOUDQA",32,36,32,24,40,40
"LE07_CU_007013_20070712_20170923_C01_V01_LINEAGEQA",1,1,1,NA,2,2
"LE07_CU_007013_20070712_20170923_C01_V01_PIXELQA",68,68,68,NA,68,68
"LE07_CU_007013_20070712_20170923_C01_V01_RADSATQA",0,0,0,NA,0,0
"LE07_CU_007013_20070712_20170923_C01_V01_SRATMOSOPACITYQA",8,8,8,NA,8,8
"LE07_CU_007013_20070712_20170923_C01_V01_SRB1",425.5,554.666666666667,351,NA,344.666666666667,351
"LE07_CU_007013_20070712_20170923_C01_V01_SRB2",531.5,562.666666666667,310.5,NA,603,604.5
"LE07_CU_007013_20070712_20170923_C01_V01_SRB3",382.5,461.333333333333,175,NA,401.333333333333,401.5
"LE07_CU_007013_20070712_20170923_C01_V01_SRB4",289.5,388.333333333333,165,NA,235,218.5
"LE07_CU_007013_20070712_20170923_C01_V01_SRB5",233,328.333333333333,72,NA,140.333333333333,114.5
"LE07_CU_007013_20070712_20170923_C01_V01_SRB7",198.5,281,54.5,NA,117,87
"LE07_CU_007013_20070712_20170923_C01_V01_SRCLOUDQA",32,36,32,0,40,40
"LE07_CU_007013_20070721_20170923_C01_V01_LINEAGEQA",2,NA,NA,2,2,2
"LE07_CU_007013_20070721_20170923_C01_V01_PIXELQA",224,NA,NA,68,68,68
"LE07_CU_007013_20070721_20170923_C01_V01_RADSATQA",0,NA,NA,0,0,0
"LE07_CU_007013_20070721_20170923_C01_V01_SRATMOSOPACITYQA",9,NA,NA,29,28,28
"LE07_CU_007013_20070721_20170923_C01_V01_SRB1",751,NA,NA,509.666666666667,510.666666666667,512
"LE07_CU_007013_20070721_20170923_C01_V01_SRB2",784,NA,NA,625,663,621.5
"LE07_CU_007013_20070721_20170923_C01_V01_SRB3",705.5,NA,NA,455.333333333333,519.666666666667,467
"LE07_CU_007013_20070721_20170923_C01_V01_SRB4",681,NA,NA,325,408.666666666667,348
"LE07_CU_007013_20070721_20170923_C01_V01_SRB5",572.5,NA,NA,245.666666666667,305,238
"LE07_CU_007013_20070721_20170923_C01_V01_SRB7",460,NA,NA,175.333333333333,212.666666666667,136
"LE07_CU_007013_20070721_20170923_C01_V01_SRCLOUDQA",40,0,0,32,40,32
"LE07_CU_007013_20070822_20170923_C01_V01_LINEAGEQA",NA,NA,NA,2,2,2
"LE07_CU_007013_20070822_20170923_C01_V01_PIXELQA",NA,NA,NA,68,68,68
"LE07_CU_007013_20070822_20170923_C01_V01_RADSATQA",NA,NA,NA,0,0,0
"LE07_CU_007013_20070822_20170923_C01_V01_SRATMOSOPACITYQA",NA,NA,NA,53,54,53
"LE07_CU_007013_20070822_20170923_C01_V01_SRB1",NA,NA,NA,341.666666666667,344.333333333333,377.5
"LE07_CU_007013_20070822_20170923_C01_V01_SRB2",NA,NA,NA,363.666666666667,418,366
"LE07_CU_007013_20070822_20170923_C01_V01_SRB3",NA,NA,NA,237.666666666667,293,262
"LE07_CU_007013_20070822_20170923_C01_V01_SRB4",NA,NA,NA,180.666666666667,255.333333333333,205
"LE07_CU_007013_20070822_20170923_C01_V01_SRB5",NA,NA,NA,129,167.666666666667,117.5
"LE07_CU_007013_20070822_20170923_C01_V01_SRB7",NA,NA,NA,91.3333333333333,146.333333333333,79.5
"LE07_CU_007013_20070822_20170923_C01_V01_SRCLOUDQA",0,0,0,40,40,40
"LE07_CU_007013_20070829_20170923_C01_V01_LINEAGEQA",1,1,1,NA,NA,2
"LE07_CU_007013_20070829_20170923_C01_V01_PIXELQA",68,68,68,NA,NA,68
"LE07_CU_007013_20070829_20170923_C01_V01_RADSATQA",0,0,0,NA,NA,0
"LE07_CU_007013_20070829_20170923_C01_V01_SRATMOSOPACITYQA",9,17,14,NA,NA,8
"LE07_CU_007013_20070829_20170923_C01_V01_SRB1",233,415.333333333333,379,NA,NA,390
"LE07_CU_007013_20070829_20170923_C01_V01_SRB2",285.5,407.333333333333,391.5,NA,NA,480
"LE07_CU_007013_20070829_20170923_C01_V01_SRB3",177.5,266,224.5,NA,NA,373
"LE07_CU_007013_20070829_20170923_C01_V01_SRB4",146,219,181,NA,NA,335
"LE07_CU_007013_20070829_20170923_C01_V01_SRB5",66,158,135,NA,NA,274
"LE07_CU_007013_20070829_20170923_C01_V01_SRB7",35,135,107,NA,NA,203.5
"LE07_CU_007013_20070829_20170923_C01_V01_SRCLOUDQA",32,36,32,0,0,32
"LE07_CU_007013_20071009_20170923_C01_V01_LINEAGEQA",2,NA,NA,2,2,2
"LE07_CU_007013_20071009_20170923_C01_V01_PIXELQA",68,NA,NA,68,68,68
"LE07_CU_007013_20071009_20170923_C01_V01_RADSATQA",0,NA,NA,0,0,0
"LE07_CU_007013_20071009_20170923_C01_V01_SRATMOSOPACITYQA",31,NA,NA,61.3333333333333,65,63
"LE07_CU_007013_20071009_20170923_C01_V01_SRB1",349.5,NA,NA,201.666666666667,312.666666666667,288
"LE07_CU_007013_20071009_20170923_C01_V01_SRB2",363.5,NA,NA,198.666666666667,263.666666666667,251
"LE07_CU_007013_20071009_20170923_C01_V01_SRB3",338,NA,NA,162.333333333333,297.666666666667,239
"LE07_CU_007013_20071009_20170923_C01_V01_SRB4",346,NA,NA,159,289.666666666667,268
"LE07_CU_007013_20071009_20170923_C01_V01_SRB5",236,NA,NA,107.666666666667,250.333333333333,165.5
"LE07_CU_007013_20071009_20170923_C01_V01_SRB7",191.5,NA,NA,106,189.333333333333,148
"LE07_CU_007013_20071009_20170923_C01_V01_SRCLOUDQA",0,0,0,32,10.6666666666667,32
"LE07_CU_007013_20071016_20170923_C01_V01_LINEAGEQA",1,1,1,2,NA,NA
"LE07_CU_007013_20071016_20170923_C01_V01_PIXELQA",68,77.3333333333333,72,68,NA,NA
"LE07_CU_007013_20071016_20170923_C01_V01_RADSATQA",0,0,0,0,NA,NA
"LE07_CU_007013_20071016_20170923_C01_V01_SRATMOSOPACITYQA",8,20,20,8,NA,NA
"LE07_CU_007013_20071016_20170923_C01_V01_SRB1",239,476.333333333333,404,225,NA,NA
"LE07_CU_007013_20071016_20170923_C01_V01_SRB2",250,467,422,210,NA,NA
"LE07_CU_007013_20071016_20170923_C01_V01_SRB3",189,354,232.5,146.333333333333,NA,NA
"LE07_CU_007013_20071016_20170923_C01_V01_SRB4",136.5,295,153,136,NA,NA
"LE07_CU_007013_20071016_20170923_C01_V01_SRB5",65,252,91.5,69,NA,NA
"LE07_CU_007013_20071016_20170923_C01_V01_SRB7",40.5,177,55,72.6666666666667,NA,NA
"LE07_CU_007013_20071016_20170923_C01_V01_SRCLOUDQA",32,40,40,32,0,0
"LE07_CU_007013_20071025_20170923_C01_V01_LINEAGEQA",2,NA,NA,2,2,2
"LE07_CU_007013_20071025_20170923_C01_V01_PIXELQA",68,NA,NA,68,68,68
"LE07_CU_007013_20071025_20170923_C01_V01_RADSATQA",0,NA,NA,0,0,0
"LE07_CU_007013_20071025_20170923_C01_V01_SRATMOSOPACITYQA",8,NA,NA,8,9,9
"LE07_CU_007013_20071025_20170923_C01_V01_SRB1",308.5,NA,NA,247.333333333333,259,241.5
"LE07_CU_007013_20071025_20170923_C01_V01_SRB2",334.5,NA,NA,223.666666666667,250.333333333333,231
"LE07_CU_007013_20071025_20170923_C01_V01_SRB3",216.5,NA,NA,167.333333333333,193.666666666667,179.5
"LE07_CU_007013_20071025_20170923_C01_V01_SRB4",123,NA,NA,98.6666666666667,175.333333333333,121
"LE07_CU_007013_20071025_20170923_C01_V01_SRB5",69,NA,NA,63.6666666666667,111.666666666667,83
"LE07_CU_007013_20071025_20170923_C01_V01_SRB7",43,NA,NA,38,88,44
"LE07_CU_007013_20071025_20170923_C01_V01_SRCLOUDQA",32,0,0,37.3333333333333,40,32
"LE07_CU_007013_20071101_20170923_C01_V01_LINEAGEQA",1,1,1,2,NA,NA
"LE07_CU_007013_20071101_20170923_C01_V01_PIXELQA",68,68,68,68,NA,NA
"LE07_CU_007013_20071101_20170923_C01_V01_RADSATQA",0,0,0,0,NA,NA
"LE07_CU_007013_20071101_20170923_C01_V01_SRATMOSOPACITYQA",8,9,8,9,NA,NA
"LE07_CU_007013_20071101_20170923_C01_V01_SRB1",264,292.666666666667,282.5,218.333333333333,NA,NA
"LE07_CU_007013_20071101_20170923_C01_V01_SRB2",372.5,281.333333333333,294.5,209,NA,NA
"LE07_CU_007013_20071101_20170923_C01_V01_SRB3",246,172.333333333333,211.5,174.333333333333,NA,NA
"LE07_CU_007013_20071101_20170923_C01_V01_SRB4",129,113,113,114,NA,NA
"LE07_CU_007013_20071101_20170923_C01_V01_SRB5",71,56.6666666666667,12,66,NA,NA
"LE07_CU_007013_20071101_20170923_C01_V01_SRB7",60,39.3333333333333,30,59,NA,NA
"LE07_CU_007013_20071101_20170923_C01_V01_SRCLOUDQA",32,32,36,32,0,0
"LE07_CU_007013_20071117_20170923_C01_V01_LINEAGEQA",1,1,1,2,NA,NA
"LE07_CU_007013_20071117_20170923_C01_V01_PIXELQA",68,224,224,68,NA,NA
"LE07_CU_007013_20071117_20170923_C01_V01_RADSATQA",0,0,0,0,NA,NA
"LE07_CU_007013_20071117_20170923_C01_V01_SRATMOSOPACITYQA",8,9,8,8,NA,NA
"LE07_CU_007013_20071117_20170923_C01_V01_SRB1",368,780.333333333333,816,222,NA,NA
"LE07_CU_007013_20071117_20170923_C01_V01_SRB2",567.5,765,879.5,288,NA,NA
"LE07_CU_007013_20071117_20170923_C01_V01_SRB3",412.5,739.333333333333,783,198.5,NA,NA
"LE07_CU_007013_20071117_20170923_C01_V01_SRB4",132,705,723,150,NA,NA
"LE07_CU_007013_20071117_20170923_C01_V01_SRB5",96,587.333333333333,582,79.5,NA,NA
"LE07_CU_007013_20071117_20170923_C01_V01_SRB7",49.5,509,450,50,NA,NA
"LE07_CU_007013_20071117_20170923_C01_V01_SRCLOUDQA",32,27.3333333333333,40,21.3333333333333,0,0
"LE07_CU_007013_20071117_20170923_C01_V01_LINEAGEQA1",1,1,1,2,NA,NA
"LE07_CU_007013_20071117_20170923_C01_V01_PIXELQA1",68,224,224,68,NA,NA
"LE07_CU_007013_20071117_20170923_C01_V01_RADSATQA1",0,0,0,0,NA,NA
"LE07_CU_007013_20071117_20170923_C01_V01_SRATMOSOPACITYQA1",8,9,8,8,NA,NA
"LE07_CU_007013_20071117_20170923_C01_V01_SRB11",368,780.333333333333,816,222,NA,NA
"LE07_CU_007013_20071117_20170923_C01_V01_SRB21",567.5,765,879.5,288,NA,NA
"LE07_CU_007013_20071117_20170923_C01_V01_SRB31",412.5,739.333333333333,783,198.5,NA,NA
"LE07_CU_007013_20071117_20170923_C01_V01_SRB41",132,705,723,150,NA,NA
"LE07_CU_007013_20071117_20170923_C01_V01_SRB51",96,587.333333333333,582,79.5,NA,NA
"LE07_CU_007013_20071117_20170923_C01_V01_SRB71",49.5,509,450,50,NA,NA
"LE07_CU_007013_20071117_20170923_C01_V01_SRCLOUDQA1",32,27.3333333333333,40,21.3333333333333,0,0
"LE07_CU_007013_20071203_20170923_C01_V01_LINEAGEQA",1,1,1,NA,NA,2
"LE07_CU_007013_20071203_20170923_C01_V01_PIXELQA",68,68,68,NA,NA,68
"LE07_CU_007013_20071203_20170923_C01_V01_RADSATQA",0,0,0,NA,NA,0
"LE07_CU_007013_20071203_20170923_C01_V01_SRATMOSOPACITYQA",9,9,9,NA,NA,9
"LE07_CU_007013_20071203_20170923_C01_V01_SRB1",376.5,220.333333333333,289,NA,NA,181
"LE07_CU_007013_20071203_20170923_C01_V01_SRB2",620,243.333333333333,317,NA,NA,256
"LE07_CU_007013_20071203_20170923_C01_V01_SRB3",345.5,113.666666666667,160,NA,NA,134
"LE07_CU_007013_20071203_20170923_C01_V01_SRB4",103,90,103,NA,NA,103
"LE07_CU_007013_20071203_20170923_C01_V01_SRB5",32,32,50,NA,NA,67
"LE07_CU_007013_20071203_20170923_C01_V01_SRB7",NA,60.3333333333333,91.5,NA,NA,72
"LE07_CU_007013_20071203_20170923_C01_V01_SRCLOUDQA",32,32,32,0,0,16
"LE07_CU_007013_20071203_20170923_C01_V01_LINEAGEQA1",1,1,1,NA,NA,2
"LE07_CU_007013_20071203_20170923_C01_V01_PIXELQA1",68,68,68,NA,NA,68
"LE07_CU_007013_20071203_20170923_C01_V01_RADSATQA1",0,0,0,NA,NA,0
"LE07_CU_007013_20071203_20170923_C01_V01_SRATMOSOPACITYQA1",9,9,9,NA,NA,9
"LE07_CU_007013_20071203_20170923_C01_V01_SRB11",376.5,220.333333333333,289,NA,NA,181
"LE07_CU_007013_20071203_20170923_C01_V01_SRB21",620,243.333333333333,317,NA,NA,256
"LE07_CU_007013_20071203_20170923_C01_V01_SRB31",345.5,113.666666666667,160,NA,NA,134
"LE07_CU_007013_20071203_20170923_C01_V01_SRB41",103,90,103,NA,NA,103
"LE07_CU_007013_20071203_20170923_C01_V01_SRB51",32,32,50,NA,NA,67
"LE07_CU_007013_20071203_20170923_C01_V01_SRB71",NA,60.3333333333333,91.5,NA,NA,72
"LE07_CU_007013_20071203_20170923_C01_V01_SRCLOUDQA1",32,32,32,0,0,16
"LE07_CU_007013_20071219_20170923_C01_V01_LINEAGEQA",NA,1,1,2,2,2
"LE07_CU_007013_20071219_20170923_C01_V01_PIXELQA",NA,68,68,68,68,68
"LE07_CU_007013_20071219_20170923_C01_V01_RADSATQA",NA,0,0,0,0,0
"LE07_CU_007013_20071219_20170923_C01_V01_SRATMOSOPACITYQA",NA,9,9,9,9,9
"LE07_CU_007013_20071219_20170923_C01_V01_SRB1",NA,288,364,350,328.666666666667,330
"LE07_CU_007013_20071219_20170923_C01_V01_SRB2",NA,295,341.5,416,410.666666666667,391
"LE07_CU_007013_20071219_20170923_C01_V01_SRB3",NA,197,173.5,267,311,302
"LE07_CU_007013_20071219_20170923_C01_V01_SRB4",NA,98,91.5,140.666666666667,207.666666666667,153
"LE07_CU_007013_20071219_20170923_C01_V01_SRB5",NA,34.6666666666667,16.5,84,96.6666666666667,53
"LE07_CU_007013_20071219_20170923_C01_V01_SRB7",NA,25.3333333333333,38,64,90.3333333333333,18.5
"LE07_CU_007013_20071219_20170923_C01_V01_SRCLOUDQA",0,32,32,36,32,32
"LE07_CU_007013_20071228_20170923_C01_V01_LINEAGEQA",NA,NA,NA,2,2,2
"LE07_CU_007013_20071228_20170923_C01_V01_PIXELQA",NA,NA,NA,68,68,68
"LE07_CU_007013_20071228_20170923_C01_V01_RADSATQA",NA,NA,NA,0,0,0
"LE07_CU_007013_20071228_20170923_C01_V01_SRATMOSOPACITYQA",NA,NA,NA,9,9,9
"LE07_CU_007013_20071228_20170923_C01_V01_SRB1",NA,NA,NA,341,333.666666666667,328
"LE07_CU_007013_20071228_20170923_C01_V01_SRB2",NA,NA,NA,366,407.666666666667,368
"LE07_CU_007013_20071228_20170923_C01_V01_SRB3",NA,NA,NA,284,252,297
"LE07_CU_007013_20071228_20170923_C01_V01_SRB4",NA,NA,NA,117,197.333333333333,177
"LE07_CU_007013_20071228_20170923_C01_V01_SRB5",NA,NA,NA,99.3333333333333,150,93
"LE07_CU_007013_20071228_20170923_C01_V01_SRB7",NA,NA,NA,38.3333333333333,78,97.5
"LE07_CU_007013_20071228_20170923_C01_V01_SRCLOUDQA",0,0,0,32,32,32
"LE07_CU_007013_20080113_20170923_C01_V01_LINEAGEQA",2,NA,NA,2,NA,2
"LE07_CU_007013_20080113_20170923_C01_V01_PIXELQA",68,NA,NA,68,NA,68
"LE07_CU_007013_20080113_20170923_C01_V01_RADSATQA",0,NA,NA,0,NA,0
"LE07_CU_007013_20080113_20170923_C01_V01_SRATMOSOPACITYQA",9,NA,NA,12,NA,17
"LE07_CU_007013_20080113_20170923_C01_V01_SRB1",379.5,NA,NA,230.5,NA,245.5
"LE07_CU_007013_20080113_20170923_C01_V01_SRB2",521.5,NA,NA,208,NA,229
"LE07_CU_007013_20080113_20170923_C01_V01_SRB3",557.5,NA,NA,203,NA,169.5
"LE07_CU_007013_20080113_20170923_C01_V01_SRB4",153,NA,NA,110,NA,106.5
"LE07_CU_007013_20080113_20170923_C01_V01_SRB5",34,NA,NA,51.5,NA,50.5
"LE07_CU_007013_20080113_20170923_C01_V01_SRB7",NA,NA,NA,74.5,NA,55.5
"LE07_CU_007013_20080113_20170923_C01_V01_SRCLOUDQA",32,0,0,21.3333333333333,0,32
"LE07_CU_007013_20170301_20170928_C01_V01_LINEAGEQA",1,1,1,NA,2,2
"LE07_CU_007013_20170301_20170928_C01_V01_PIXELQA",68,68,68,NA,68,68
"LE07_CU_007013_20170301_20170928_C01_V01_RADSATQA",0,0,0,NA,0,0
"LE07_CU_007013_20170301_20170928_C01_V01_SRATMOSOPACITYQA",8,9,9,NA,9,9
"LE07_CU_007013_20170301_20170928_C01_V01_SRB1",277,200.666666666667,208.5,NA,209.666666666667,198
"LE07_CU_007013_20170301_20170928_C01_V01_SRB2",432.5,187.666666666667,199.5,NA,311.333333333333,247
"LE07_CU_007013_20170301_20170928_C01_V01_SRB3",314.5,109.666666666667,106,NA,213.333333333333,149
"LE07_CU_007013_20170301_20170928_C01_V01_SRB4",150,128,106.5,NA,214.666666666667,172
"LE07_CU_007013_20170301_20170928_C01_V01_SRB5",63.5,58.3333333333333,50,NA,147.333333333333,89.5
"LE07_CU_007013_20170301_20170928_C01_V01_SRB7",26,26,13,NA,125.333333333333,66.5
"LE07_CU_007013_20170301_20170928_C01_V01_SRCLOUDQA",32,32,32,0,32,32
"LE07_CU_007013_20170310_20170928_C01_V01_LINEAGEQA",2,NA,NA,2,2,2
"LE07_CU_007013_20170310_20170928_C01_V01_PIXELQA",68,NA,NA,68,68,68
"LE07_CU_007013_20170310_20170928_C01_V01_RADSATQA",0,NA,NA,0,0,0
"LE07_CU_007013_20170310_20170928_C01_V01_SRATMOSOPACITYQA",8,NA,NA,9,9,9
"LE07_CU_007013_20170310_20170928_C01_V01_SRB1",362.5,NA,NA,237,305.333333333333,227
"LE07_CU_007013_20170310_20170928_C01_V01_SRB2",575,NA,NA,247,313.666666666667,213
"LE07_CU_007013_20170310_20170928_C01_V01_SRB3",452.5,NA,NA,123,244,137
"LE07_CU_007013_20170310_20170928_C01_V01_SRB4",186,NA,NA,137,219,164
"LE07_CU_007013_20170310_20170928_C01_V01_SRB5",35,NA,NA,73.6666666666667,150.333333333333,22
"LE07_CU_007013_20170310_20170928_C01_V01_SRB7",38.5,NA,NA,42.3333333333333,94.6666666666667,64
"LE07_CU_007013_20170310_20170928_C01_V01_SRCLOUDQA",36,0,0,36,40,40
"LE07_CU_007013_20170402_20170928_C01_V01_LINEAGEQA",1,1,1,NA,NA,2
"LE07_CU_007013_20170402_20170928_C01_V01_PIXELQA",68,68,68,NA,NA,68
"LE07_CU_007013_20170402_20170928_C01_V01_RADSATQA",0,0,0,NA,NA,0
"LE07_CU_007013_20170402_20170928_C01_V01_SRATMOSOPACITYQA",9,9,9,NA,NA,8
"LE07_CU_007013_20170402_20170928_C01_V01_SRB1",259,211.333333333333,244,NA,NA,215
"LE07_CU_007013_20170402_20170928_C01_V01_SRB2",390,194.666666666667,281.5,NA,NA,231
"LE07_CU_007013_20170402_20170928_C01_V01_SRB3",279.5,154,174,NA,NA,189.5
"LE07_CU_007013_20170402_20170928_C01_V01_SRB4",141,153.333333333333,141,NA,NA,177
"LE07_CU_007013_20170402_20170928_C01_V01_SRB5",65,80.3333333333333,88,NA,NA,87
"LE07_CU_007013_20170402_20170928_C01_V01_SRB7",11,60.6666666666667,69,NA,NA,45
"LE07_CU_007013_20170402_20170928_C01_V01_SRCLOUDQA",36,36,32,0,0,32
"LE07_CU_007013_20170411_20170928_C01_V01_LINEAGEQA",2,NA,NA,NA,2,2
"LE07_CU_007013_20170411_20170928_C01_V01_PIXELQA",224,NA,NA,NA,224,224
"LE07_CU_007013_20170411_20170928_C01_V01_RADSATQA",0,NA,NA,NA,0,0
"LE07_CU_007013_20170411_20170928_C01_V01_SRATMOSOPACITYQA",250,NA,NA,NA,228,228
"LE07_CU_007013_20170411_20170928_C01_V01_SRB1",1916,NA,NA,NA,1042,1053
"LE07_CU_007013_20170411_20170928_C01_V01_SRB2",2048.5,NA,NA,NA,1162.66666666667,1147
"LE07_CU_007013_20170411_20170928_C01_V01_SRB3",2101,NA,NA,NA,1201,1192.5
"LE07_CU_007013_20170411_20170928_C01_V01_SRB4",2488,NA,NA,NA,1478.66666666667,1416
"LE07_CU_007013_20170411_20170928_C01_V01_SRB5",1697,NA,NA,NA,1170.33333333333,1132
"LE07_CU_007013_20170411_20170928_C01_V01_SRB7",1411.5,NA,NA,NA,970.333333333333,909
"LE07_CU_007013_20170411_20170928_C01_V01_SRCLOUDQA",2,0,0,0,4,4
"LE07_CU_007013_20170418_20170928_C01_V01_LINEAGEQA",1,1,1,2,NA,NA
"LE07_CU_007013_20170418_20170928_C01_V01_PIXELQA",68,68,68,68,NA,NA
"LE07_CU_007013_20170418_20170928_C01_V01_RADSATQA",0,0,0,0,NA,NA
"LE07_CU_007013_20170418_20170928_C01_V01_SRATMOSOPACITYQA",9,8,8,8,NA,NA
"LE07_CU_007013_20170418_20170928_C01_V01_SRB1",289.5,245,208,400.5,NA,NA
"LE07_CU_007013_20170418_20170928_C01_V01_SRB2",398,295,259,481,NA,NA
"LE07_CU_007013_20170418_20170928_C01_V01_SRB3",331,197.666666666667,165,397,NA,NA
"LE07_CU_007013_20170418_20170928_C01_V01_SRB4",271,166,148,376,NA,NA
"LE07_CU_007013_20170418_20170928_C01_V01_SRB5",191.5,105.333333333333,51,310,NA,NA
"LE07_CU_007013_20170418_20170928_C01_V01_SRB7",142,71.6666666666667,31.5,275,NA,NA
"LE07_CU_007013_20170418_20170928_C01_V01_SRCLOUDQA",36,36,32,26.6666666666667,0,0
"LE07_CU_007013_20170427_20170928_C01_V01_LINEAGEQA",2,NA,NA,NA,2,2
"LE07_CU_007013_20170427_20170928_C01_V01_PIXELQA",68,NA,NA,NA,68,68
"LE07_CU_007013_20170427_20170928_C01_V01_RADSATQA",0,NA,NA,NA,0,0
"LE07_CU_007013_20170427_20170928_C01_V01_SRATMOSOPACITYQA",14,NA,NA,NA,12,12
"LE07_CU_007013_20170427_20170928_C01_V01_SRB1",413.5,NA,NA,NA,489.333333333333,494
"LE07_CU_007013_20170427_20170928_C01_V01_SRB2",428,NA,NA,NA,519.333333333333,500.5
"LE07_CU_007013_20170427_20170928_C01_V01_SRB3",395.5,NA,NA,NA,520.333333333333,502.5
"LE07_CU_007013_20170427_20170928_C01_V01_SRB4",441,NA,NA,NA,578,561
"LE07_CU_007013_20170427_20170928_C01_V01_SRB5",350,NA,NA,NA,560,499
"LE07_CU_007013_20170427_20170928_C01_V01_SRB7",261,NA,NA,NA,457.333333333333,414
"LE07_CU_007013_20170427_20170928_C01_V01_SRCLOUDQA",8,0,0,0,2,2
"LE07_CU_007013_20170504_20170928_C01_V01_LINEAGEQA",1,1,1,2,NA,NA
"LE07_CU_007013_20170504_20170928_C01_V01_PIXELQA",68,68,68,68,NA,NA
"LE07_CU_007013_20170504_20170928_C01_V01_RADSATQA",0,0,0,0,NA,NA
"LE07_CU_007013_20170504_20170928_C01_V01_SRATMOSOPACITYQA",9,8.33333333333333,8,8,NA,NA
"LE07_CU_007013_20170504_20170928_C01_V01_SRB1",290,366,228,431,NA,NA
"LE07_CU_007013_20170504_20170928_C01_V01_SRB2",446.5,389.666666666667,243,487.666666666667,NA,NA
"LE07_CU_007013_20170504_20170928_C01_V01_SRB3",319.5,331,147.5,417.333333333333,NA,NA
"LE07_CU_007013_20170504_20170928_C01_V01_SRB4",193,305.333333333333,141,374.333333333333,NA,NA
"LE07_CU_007013_20170504_20170928_C01_V01_SRB5",70.5,220.666666666667,70,284,NA,NA
"LE07_CU_007013_20170504_20170928_C01_V01_SRB7",41,205.666666666667,84.5,227,NA,NA
"LE07_CU_007013_20170504_20170928_C01_V01_SRCLOUDQA",36,36,32,40,0,0
"LE07_CU_007013_20170529_20170928_C01_V01_LINEAGEQA",2,NA,NA,2,2,2
"LE07_CU_007013_20170529_20170928_C01_V01_PIXELQA",68,NA,NA,68,68,68
"LE07_CU_007013_20170529_20170928_C01_V01_RADSATQA",0,NA,NA,0,0,0
"LE07_CU_007013_20170529_20170928_C01_V01_SRATMOSOPACITYQA",8,NA,NA,8,8,8
"LE07_CU_007013_20170529_20170928_C01_V01_SRB1",478,NA,NA,301,366.333333333333,308
"LE07_CU_007013_20170529_20170928_C01_V01_SRB2",644.5,NA,NA,353,418,357
"LE07_CU_007013_20170529_20170928_C01_V01_SRB3",486.5,NA,NA,284,371.333333333333,291
"LE07_CU_007013_20170529_20170928_C01_V01_SRB4",392.5,NA,NA,234.333333333333,345,256
"LE07_CU_007013_20170529_20170928_C01_V01_SRB5",193.5,NA,NA,162,266,172.5
"LE07_CU_007013_20170529_20170928_C01_V01_SRB7",179,NA,NA,125.333333333333,217.333333333333,136
"LE07_CU_007013_20170529_20170928_C01_V01_SRCLOUDQA",36,0,0,40,29.3333333333333,40
"LE07_CU_007013_20170605_20170928_C01_V01_LINEAGEQA",1,1,1,NA,2,2
"LE07_CU_007013_20170605_20170928_C01_V01_PIXELQA",68,68,82,NA,68,68
"LE07_CU_007013_20170605_20170928_C01_V01_RADSATQA",0,0,0,NA,0,0
"LE07_CU_007013_20170605_20170928_C01_V01_SRATMOSOPACITYQA",9,8,8,NA,8,8
"LE07_CU_007013_20170605_20170928_C01_V01_SRB1",869.5,314,445,NA,313,415
"LE07_CU_007013_20170605_20170928_C01_V01_SRB2",1182.5,352.666666666667,509,NA,412.5,525.5
"LE07_CU_007013_20170605_20170928_C01_V01_SRB3",1041.5,217,399.5,NA,306,423
"LE07_CU_007013_20170605_20170928_C01_V01_SRB4",897,166.666666666667,324,NA,274,376
"LE07_CU_007013_20170605_20170928_C01_V01_SRB5",660,134.666666666667,288,NA,214.5,339
"LE07_CU_007013_20170605_20170928_C01_V01_SRB7",572,77,201,NA,148,244
"LE07_CU_007013_20170605_20170928_C01_V01_SRCLOUDQA",36,36,40,0,24,36
"LE07_CU_007013_20170614_20170928_C01_V01_LINEAGEQA",2,NA,NA,2,NA,NA
"LE07_CU_007013_20170614_20170928_C01_V01_PIXELQA",68,NA,NA,68,NA,NA
"LE07_CU_007013_20170614_20170928_C01_V01_RADSATQA",0,NA,NA,0,NA,NA
"LE07_CU_007013_20170614_20170928_C01_V01_SRATMOSOPACITYQA",9,NA,NA,8,NA,NA
"LE07_CU_007013_20170614_20170928_C01_V01_SRB1",241,NA,NA,267,NA,NA
"LE07_CU_007013_20170614_20170928_C01_V01_SRB2",279,NA,NA,310.333333333333,NA,NA
"LE07_CU_007013_20170614_20170928_C01_V01_SRB3",207,NA,NA,188.333333333333,NA,NA
"LE07_CU_007013_20170614_20170928_C01_V01_SRB4",136.5,NA,NA,163.333333333333,NA,NA
"LE07_CU_007013_20170614_20170928_C01_V01_SRB5",79,NA,NA,106,NA,NA
"LE07_CU_007013_20170614_20170928_C01_V01_SRB7",61,NA,NA,75,NA,NA
"LE07_CU_007013_20170614_20170928_C01_V01_SRCLOUDQA",36,0,0,40,0,0
"LE07_CU_007013_20170621_20170928_C01_V01_LINEAGEQA",NA,1,1,2,2,2
"LE07_CU_007013_20170621_20170928_C01_V01_PIXELQA",NA,224,224,68,68,68
"LE07_CU_007013_20170621_20170928_C01_V01_RADSATQA",NA,0,1,0,0,0
"LE07_CU_007013_20170621_20170928_C01_V01_SRATMOSOPACITYQA",NA,8,15,8,8,8
"LE07_CU_007013_20170621_20170928_C01_V01_SRB1",NA,889,11413,509.333333333333,519,512.5
"LE07_CU_007013_20170621_20170928_C01_V01_SRB2",NA,957,3223,579.666666666667,611.666666666667,591.5
"LE07_CU_007013_20170621_20170928_C01_V01_SRB3",NA,923.333333333333,3474,451.666666666667,518.666666666667,490.5
"LE07_CU_007013_20170621_20170928_C01_V01_SRB4",NA,950.333333333333,3928.5,351.666666666667,408.333333333333,363
"LE07_CU_007013_20170621_20170928_C01_V01_SRB5",NA,833.666666666667,4351.5,191.333333333333,247.333333333333,195
"LE07_CU_007013_20170621_20170928_C01_V01_SRB7",NA,657.333333333333,3577,156.666666666667,156.333333333333,127.5
"LE07_CU_007013_20170621_20170928_C01_V01_SRCLOUDQA",0,2,2,40,40,40
"LE07_CU_007013_20170630_20170928_C01_V01_LINEAGEQA",2,NA,NA,2,2,2
"LE07_CU_007013_20170630_20170928_C01_V01_PIXELQA",68,NA,NA,68,68,68
"LE07_CU_007013_20170630_20170928_C01_V01_RADSATQA",0,NA,NA,0,0,0
"LE07_CU_007013_20170630_20170928_C01_V01_SRATMOSOPACITYQA",8,NA,NA,8,9,9
"LE07_CU_007013_20170630_20170928_C01_V01_SRB1",250,NA,NA,257,262.666666666667,249
"LE07_CU_007013_20170630_20170928_C01_V01_SRB2",273,NA,NA,293.666666666667,299.333333333333,272
"LE07_CU_007013_20170630_20170928_C01_V01_SRB3",223.5,NA,NA,211,243.666666666667,227
"LE07_CU_007013_20170630_20170928_C01_V01_SRB4",125,NA,NA,158,213.333333333333,157
"LE07_CU_007013_20170630_20170928_C01_V01_SRB5",81,NA,NA,93.3333333333333,170,121
"LE07_CU_007013_20170630_20170928_C01_V01_SRB7",62,NA,NA,69,169,41
"LE07_CU_007013_20170630_20170928_C01_V01_SRCLOUDQA",36,0,0,40,40,40
"LE07_CU_007013_20170707_20170928_C01_V01_LINEAGEQA",1,1,1,NA,2,2
"LE07_CU_007013_20170707_20170928_C01_V01_PIXELQA",68,138.666666666667,68,NA,96,224
"LE07_CU_007013_20170707_20170928_C01_V01_RADSATQA",0,0,0,NA,0,0
"LE07_CU_007013_20170707_20170928_C01_V01_SRATMOSOPACITYQA",9,8,8,NA,8,8
"LE07_CU_007013_20170707_20170928_C01_V01_SRB1",425.5,645,543,NA,1287.66666666667,1210
"LE07_CU_007013_20170707_20170928_C01_V01_SRB2",467,755.666666666667,648,NA,1519,1459.5
"LE07_CU_007013_20170707_20170928_C01_V01_SRB3",408,576.333333333333,446.5,NA,1592.33333333333,1508.5
"LE07_CU_007013_20170707_20170928_C01_V01_SRB4",334,495.333333333333,368.5,NA,1555.33333333333,1457.5
"LE07_CU_007013_20170707_20170928_C01_V01_SRB5",197.5,427.666666666667,272.5,NA,1486,1394.5
"LE07_CU_007013_20170707_20170928_C01_V01_SRB7",141,363.333333333333,239.5,NA,1277.33333333333,1182.5
"LE07_CU_007013_20170707_20170928_C01_V01_SRCLOUDQA",36,36,32,0,40,40
"LE07_CU_007013_20170716_20170928_C01_V01_LINEAGEQA",2,NA,NA,2,NA,2
"LE07_CU_007013_20170716_20170928_C01_V01_PIXELQA",224,NA,NA,68,NA,68
"LE07_CU_007013_20170716_20170928_C01_V01_RADSATQA",0,NA,NA,0,NA,0
"LE07_CU_007013_20170716_20170928_C01_V01_SRATMOSOPACITYQA",53,NA,NA,8,NA,8
"LE07_CU_007013_20170716_20170928_C01_V01_SRB1",2578,NA,NA,407,NA,380
"LE07_CU_007013_20170716_20170928_C01_V01_SRB2",2808,NA,NA,448,NA,446
"LE07_CU_007013_20170716_20170928_C01_V01_SRB3",3045.5,NA,NA,322,NA,322
"LE07_CU_007013_20170716_20170928_C01_V01_SRB4",3502.5,NA,NA,274,NA,274
"LE07_CU_007013_20170716_20170928_C01_V01_SRB5",3479,NA,NA,191,NA,191
"LE07_CU_007013_20170716_20170928_C01_V01_SRB7",3044,NA,NA,134,NA,145
"LE07_CU_007013_20170716_20170928_C01_V01_SRCLOUDQA",2,0,0,13.3333333333333,0,32
"LE07_CU_007013_20170723_20170928_C01_V01_LINEAGEQA",NA,1,1,2,2,2
"LE07_CU_007013_20170723_20170928_C01_V01_PIXELQA",NA,138.666666666667,160,224,224,224
"LE07_CU_007013_20170723_20170928_C01_V01_RADSATQA",NA,0,0,0.666666666666667,0,0
"LE07_CU_007013_20170723_20170928_C01_V01_SRATMOSOPACITYQA",NA,9,9,8,8,8
"LE07_CU_007013_20170723_20170928_C01_V01_SRB1",NA,779,909,8711,2615,2586
"LE07_CU_007013_20170723_20170928_C01_V01_SRB2",NA,872.666666666667,1052.5,3261,2764.66666666667,2759
"LE07_CU_007013_20170723_20170928_C01_V01_SRB3",NA,861.666666666667,1076.5,3385.66666666667,2908.33333333333,2921.5
"LE07_CU_007013_20170723_20170928_C01_V01_SRB4",NA,923.333333333333,1231,3693,3188.66666666667,3177
"LE07_CU_007013_20170723_20170928_C01_V01_SRB5",NA,1071.66666666667,1220,2245,1992.66666666667,1953
"LE07_CU_007013_20170723_20170928_C01_V01_SRB7",NA,937,1057,1880.33333333333,1639.33333333333,1624
"LE07_CU_007013_20170723_20170928_C01_V01_SRCLOUDQA",0,6,2,2,2,2
"LE07_CU_007013_20170801_20170928_C01_V01_LINEAGEQA",NA,NA,NA,2,2,NA
"LE07_CU_007013_20170801_20170928_C01_V01_PIXELQA",NA,NA,NA,224,224,NA
"LE07_CU_007013_20170801_20170928_C01_V01_RADSATQA",NA,NA,NA,2,10,NA
"LE07_CU_007013_20170801_20170928_C01_V01_SRATMOSOPACITYQA",NA,NA,NA,84,85,NA
"LE07_CU_007013_20170801_20170928_C01_V01_SRB1",NA,NA,NA,20000,20000,NA
"LE07_CU_007013_20170801_20170928_C01_V01_SRB2",NA,NA,NA,3303.33333333333,3762,NA
"LE07_CU_007013_20170801_20170928_C01_V01_SRB3",NA,NA,NA,3584,20000,NA
"LE07_CU_007013_20170801_20170928_C01_V01_SRB4",NA,NA,NA,4205.33333333333,4651,NA
"LE07_CU_007013_20170801_20170928_C01_V01_SRB5",NA,NA,NA,3864,4323,NA
"LE07_CU_007013_20170801_20170928_C01_V01_SRB7",NA,NA,NA,3362,3928,NA
"LE07_CU_007013_20170801_20170928_C01_V01_SRCLOUDQA",0,0,0,2,11.3333333333333,0
"LE07_CU_007013_20170808_20170928_C01_V01_LINEAGEQA",1,1,1,2,2,NA
"LE07_CU_007013_20170808_20170928_C01_V01_PIXELQA",68,68,68,68,68,NA
"LE07_CU_007013_20170808_20170928_C01_V01_RADSATQA",0,0,0,0,0,NA
"LE07_CU_007013_20170808_20170928_C01_V01_SRATMOSOPACITYQA",9,8,9,8,8,NA
"LE07_CU_007013_20170808_20170928_C01_V01_SRB1",194,267,258.5,187.666666666667,216.666666666667,NA
"LE07_CU_007013_20170808_20170928_C01_V01_SRB2",214,309,282.5,291,322,NA
"LE07_CU_007013_20170808_20170928_C01_V01_SRB3",132,190,163,220.666666666667,267,NA
"LE07_CU_007013_20170808_20170928_C01_V01_SRB4",95,143,95,143.666666666667,201.333333333333,NA
"LE07_CU_007013_20170808_20170928_C01_V01_SRB5",61,91,50.5,62,140.666666666667,NA
"LE07_CU_007013_20170808_20170928_C01_V01_SRB7",43,65.6666666666667,44,80.6666666666667,102,NA
"LE07_CU_007013_20170808_20170928_C01_V01_SRCLOUDQA",36,36,32,37.3333333333333,40,0
"LE07_CU_007013_20170817_20170928_C01_V01_LINEAGEQA",NA,NA,NA,2,2,NA
"LE07_CU_007013_20170817_20170928_C01_V01_PIXELQA",NA,NA,NA,68,68,NA
"LE07_CU_007013_20170817_20170928_C01_V01_RADSATQA",NA,NA,NA,0,0,NA
"LE07_CU_007013_20170817_20170928_C01_V01_SRATMOSOPACITYQA",NA,NA,NA,8,8,NA
"LE07_CU_007013_20170817_20170928_C01_V01_SRB1",NA,NA,NA,210.333333333333,240,NA
"LE07_CU_007013_20170817_20170928_C01_V01_SRB2",NA,NA,NA,278.666666666667,299,NA
"LE07_CU_007013_20170817_20170928_C01_V01_SRB3",NA,NA,NA,183.666666666667,231.333333333333,NA
"LE07_CU_007013_20170817_20170928_C01_V01_SRB4",NA,NA,NA,122.666666666667,193,NA
"LE07_CU_007013_20170817_20170928_C01_V01_SRB5",NA,NA,NA,69.3333333333333,120.666666666667,NA
"LE07_CU_007013_20170817_20170928_C01_V01_SRB7",NA,NA,NA,58.3333333333333,103.666666666667,NA
"LE07_CU_007013_20170817_20170928_C01_V01_SRCLOUDQA",0,0,0,40,40,0
"LE07_CU_007013_20170824_20170928_C01_V01_LINEAGEQA",1,1,1,NA,2,2
"LE07_CU_007013_20170824_20170928_C01_V01_PIXELQA",68,68,68,NA,68,68
"LE07_CU_007013_20170824_20170928_C01_V01_RADSATQA",0,0,0,NA,0,0
"LE07_CU_007013_20170824_20170928_C01_V01_SRATMOSOPACITYQA",9,9,8,NA,8,8
"LE07_CU_007013_20170824_20170928_C01_V01_SRB1",183,253.666666666667,335.5,NA,293.333333333333,260
"LE07_CU_007013_20170824_20170928_C01_V01_SRB2",245.5,259.333333333333,337.5,NA,376,355
"LE07_CU_007013_20170824_20170928_C01_V01_SRB3",153.5,144.666666666667,258,NA,301,273
"LE07_CU_007013_20170824_20170928_C01_V01_SRB4",122.5,126.666666666667,213,NA,286.333333333333,231
"LE07_CU_007013_20170824_20170928_C01_V01_SRB5",19,56,143,NA,236.333333333333,142.5
"LE07_CU_007013_20170824_20170928_C01_V01_SRB7",45,45.3333333333333,116,NA,162.333333333333,139
"LE07_CU_007013_20170824_20170928_C01_V01_SRCLOUDQA",36,36,32,0,40,40
"LE07_CU_007013_20170902_20170928_C01_V01_LINEAGEQA",NA,NA,NA,2,2,2
"LE07_CU_007013_20170902_20170928_C01_V01_PIXELQA",NA,NA,NA,68,68,68
"LE07_CU_007013_20170902_20170928_C01_V01_RADSATQA",NA,NA,NA,0,0,0
"LE07_CU_007013_20170902_20170928_C01_V01_SRATMOSOPACITYQA",NA,NA,NA,28,27.6666666666667,28
"LE07_CU_007013_20170902_20170928_C01_V01_SRB1",NA,NA,NA,421.666666666667,468.333333333333,451
"LE07_CU_007013_20170902_20170928_C01_V01_SRB2",NA,NA,NA,436,490.666666666667,452
"LE07_CU_007013_20170902_20170928_C01_V01_SRB3",NA,NA,NA,343.666666666667,413.666666666667,372
"LE07_CU_007013_20170902_20170928_C01_V01_SRB4",NA,NA,NA,276.666666666667,389.666666666667,307.5
"LE07_CU_007013_20170902_20170928_C01_V01_SRB5",NA,NA,NA,124.666666666667,240.333333333333,121
"LE07_CU_007013_20170902_20170928_C01_V01_SRB7",NA,NA,NA,76.6666666666667,188,80.5
"LE07_CU_007013_20170902_20170928_C01_V01_SRCLOUDQA",0,0,0,40,40,40
"LE07_CU_007013_20170909_20171018_C01_V01_LINEAGEQA",NA,1,1,2,2,2
"LE07_CU_007013_20170909_20171018_C01_V01_PIXELQA",NA,224,224,68,96,68
"LE07_CU_007013_20170909_20171018_C01_V01_RADSATQA",NA,0,0,0,0,0
"LE07_CU_007013_20170909_20171018_C01_V01_SRATMOSOPACITYQA",NA,181,181,186,186,186
"LE07_CU_007013_20170909_20171018_C01_V01_SRB1",NA,3190,3470,541.666666666667,619,554.5
"LE07_CU_007013_20170909_20171018_C01_V01_SRB2",NA,3395.66666666667,3668,643.666666666667,687,635.5
"LE07_CU_007013_20170909_20171018_C01_V01_SRB3",NA,3578.33333333333,3846.5,487.666666666667,597,513
"LE07_CU_007013_20170909_20171018_C01_V01_SRB4",NA,3954.33333333333,4199,459,552.333333333333,458
"LE07_CU_007013_20170909_20171018_C01_V01_SRB5",NA,3870,3867,280.333333333333,304.666666666667,192
"LE07_CU_007013_20170909_20171018_C01_V01_SRB7",NA,3432.33333333333,3559,181.333333333333,223.666666666667,127
"LE07_CU_007013_20170909_20171018_C01_V01_SRCLOUDQA",0,2,2,32,32,32
"LE07_CU_007013_20170925_20171022_C01_V01_LINEAGEQA",NA,1,1,2,2,2
"LE07_CU_007013_20170925_20171022_C01_V01_PIXELQA",NA,68,68,68,68,68
"LE07_CU_007013_20170925_20171022_C01_V01_RADSATQA",NA,0,0,0,0,0
"LE07_CU_007013_20170925_20171022_C01_V01_SRATMOSOPACITYQA",NA,8,8,8,8,8
"LE07_CU_007013_20170925_20171022_C01_V01_SRB1",NA,218.666666666667,228.5,179.666666666667,217,194
"LE07_CU_007013_20170925_20171022_C01_V01_SRB2",NA,214.666666666667,249,241.666666666667,279,283.5
"LE07_CU_007013_20170925_20171022_C01_V01_SRB3",NA,131,159.5,183.333333333333,206.666666666667,188.5
"LE07_CU_007013_20170925_20171022_C01_V01_SRB4",NA,113,93.5,139,189,151
"LE07_CU_007013_20170925_20171022_C01_V01_SRB5",NA,52.6666666666667,68,93,132.666666666667,57
"LE07_CU_007013_20170925_20171022_C01_V01_SRB7",NA,39.6666666666667,0,39.3333333333333,95.3333333333333,47
"LE07_CU_007013_20170925_20171022_C01_V01_SRCLOUDQA",0,32,32,38.6666666666667,32,32
"LE07_CU_007013_20171004_20171031_C01_V01_LINEAGEQA",NA,NA,NA,2,2,NA
"LE07_CU_007013_20171004_20171031_C01_V01_PIXELQA",NA,NA,NA,68,68,NA
"LE07_CU_007013_20171004_20171031_C01_V01_RADSATQA",NA,NA,NA,0,0,NA
"LE07_CU_007013_20171004_20171031_C01_V01_SRATMOSOPACITYQA",NA,NA,NA,9,8,NA
"LE07_CU_007013_20171004_20171031_C01_V01_SRB1",NA,NA,NA,273.666666666667,302,NA
"LE07_CU_007013_20171004_20171031_C01_V01_SRB2",NA,NA,NA,283,306.333333333333,NA
"LE07_CU_007013_20171004_20171031_C01_V01_SRB3",NA,NA,NA,198.666666666667,239.666666666667,NA
"LE07_CU_007013_20171004_20171031_C01_V01_SRB4",NA,NA,NA,168,237,NA
"LE07_CU_007013_20171004_20171031_C01_V01_SRB5",NA,NA,NA,73.3333333333333,124.666666666667,NA
"LE07_CU_007013_20171004_20171031_C01_V01_SRB7",NA,NA,NA,69,123,NA
"LE07_CU_007013_20171004_20171031_C01_V01_SRCLOUDQA",0,0,0,37.3333333333333,40,0
"LE07_CU_007013_20171011_20171110_C01_V01_LINEAGEQA",1,1,1,NA,NA,NA
"LE07_CU_007013_20171011_20171110_C01_V01_PIXELQA",68,68,68,NA,NA,NA
"LE07_CU_007013_20171011_20171110_C01_V01_RADSATQA",0,0,0,NA,NA,NA
"LE07_CU_007013_20171011_20171110_C01_V01_SRATMOSOPACITYQA",8,8,8,NA,NA,NA
"LE07_CU_007013_20171011_20171110_C01_V01_SRB1",222,242.333333333333,255,NA,NA,NA
"LE07_CU_007013_20171011_20171110_C01_V01_SRB2",246.5,247.333333333333,250,NA,NA,NA
"LE07_CU_007013_20171011_20171110_C01_V01_SRB3",193.5,170,159,NA,NA,NA
"LE07_CU_007013_20171011_20171110_C01_V01_SRB4",127,140,105,NA,NA,NA
"LE07_CU_007013_20171011_20171110_C01_V01_SRB5",61.5,84,49,NA,NA,NA
"LE07_CU_007013_20171011_20171110_C01_V01_SRB7",52,78,52,NA,NA,NA
"LE07_CU_007013_20171011_20171110_C01_V01_SRCLOUDQA",36,36,32,0,0,0
"LE07_CU_007013_20171020_20171116_C01_V01_LINEAGEQA",2,NA,NA,NA,2,2
"LE07_CU_007013_20171020_20171116_C01_V01_PIXELQA",68,NA,NA,NA,68,68
"LE07_CU_007013_20171020_20171116_C01_V01_RADSATQA",0,NA,NA,NA,0,0
"LE07_CU_007013_20171020_20171116_C01_V01_SRATMOSOPACITYQA",8,NA,NA,NA,9,9
"LE07_CU_007013_20171020_20171116_C01_V01_SRB1",227.5,NA,NA,NA,264,297.5
"LE07_CU_007013_20171020_20171116_C01_V01_SRB2",271,NA,NA,NA,319.666666666667,320
"LE07_CU_007013_20171020_20171116_C01_V01_SRB3",173,NA,NA,NA,252,220.5
"LE07_CU_007013_20171020_20171116_C01_V01_SRB4",140,NA,NA,NA,226.333333333333,182
"LE07_CU_007013_20171020_20171116_C01_V01_SRB5",25.5,NA,NA,NA,97.6666666666667,93
"LE07_CU_007013_20171020_20171116_C01_V01_SRB7",41,NA,NA,NA,121.333333333333,69.5
"LE07_CU_007013_20171020_20171116_C01_V01_SRCLOUDQA",36,0,0,0,40,32
"LE07_CU_007013_20171027_20171124_C01_V01_LINEAGEQA",1,1,1,2,NA,NA
"LE07_CU_007013_20171027_20171124_C01_V01_PIXELQA",68,68,68,68,NA,NA
"LE07_CU_007013_20171027_20171124_C01_V01_RADSATQA",0,0,0,0,NA,NA
"LE07_CU_007013_20171027_20171124_C01_V01_SRATMOSOPACITYQA",8,9,9,9,NA,NA
"LE07_CU_007013_20171027_20171124_C01_V01_SRB1",189.5,273.333333333333,292.5,233.666666666667,NA,NA
"LE07_CU_007013_20171027_20171124_C01_V01_SRB2",251.5,268.333333333333,296.5,248.333333333333,NA,NA
"LE07_CU_007013_20171027_20171124_C01_V01_SRB3",166,189,175,213,NA,NA
"LE07_CU_007013_20171027_20171124_C01_V01_SRB4",96,109.666666666667,141,141.333333333333,NA,NA
"LE07_CU_007013_20171027_20171124_C01_V01_SRB5",110.5,53,53.5,90.6666666666667,NA,NA
"LE07_CU_007013_20171027_20171124_C01_V01_SRB7",28,27.6666666666667,28,66.3333333333333,NA,NA
"LE07_CU_007013_20171027_20171124_C01_V01_SRCLOUDQA",32,32,32,34.6666666666667,0,0
"LE07_CU_007013_20171105_20171202_C01_V01_LINEAGEQA",2,NA,NA,2,NA,2
"LE07_CU_007013_20171105_20171202_C01_V01_PIXELQA",68,NA,NA,68,NA,68
"LE07_CU_007013_20171105_20171202_C01_V01_RADSATQA",0,NA,NA,0,NA,0
"LE07_CU_007013_20171105_20171202_C01_V01_SRATMOSOPACITYQA",9,NA,NA,8,NA,8
"LE07_CU_007013_20171105_20171202_C01_V01_SRB1",243,NA,NA,245,NA,224
"LE07_CU_007013_20171105_20171202_C01_V01_SRB2",242,NA,NA,261,NA,232.5
"LE07_CU_007013_20171105_20171202_C01_V01_SRB3",176,NA,NA,162,NA,193
"LE07_CU_007013_20171105_20171202_C01_V01_SRB4",104.5,NA,NA,119,NA,151
"LE07_CU_007013_20171105_20171202_C01_V01_SRB5",NA,NA,NA,27,NA,57.5
"LE07_CU_007013_20171105_20171202_C01_V01_SRB7",46,NA,NA,0,NA,77.5
"LE07_CU_007013_20171105_20171202_C01_V01_SRCLOUDQA",32,0,0,10.6666666666667,0,32
"LE07_CU_007013_20171112_20171211_C01_V01_LINEAGEQA",1,1,1,2,NA,NA
"LE07_CU_007013_20171112_20171211_C01_V01_PIXELQA",224,68,68,224,NA,NA
"LE07_CU_007013_20171112_20171211_C01_V01_RADSATQA",0,0,0,0,NA,NA
"LE07_CU_007013_20171112_20171211_C01_V01_SRATMOSOPACITYQA",56,9,9,12,NA,NA
"LE07_CU_007013_20171112_20171211_C01_V01_SRB1",1072,419.666666666667,453.5,1283,NA,NA
"LE07_CU_007013_20171112_20171211_C01_V01_SRB2",1197,448.666666666667,440,1438.33333333333,NA,NA
"LE07_CU_007013_20171112_20171211_C01_V01_SRB3",1284,339,348,1592.66666666667,NA,NA
"LE07_CU_007013_20171112_20171211_C01_V01_SRB4",1571.5,281.666666666667,310.5,1974.66666666667,NA,NA
"LE07_CU_007013_20171112_20171211_C01_V01_SRB5",1812,187,203,2219.33333333333,NA,NA
"LE07_CU_007013_20171112_20171211_C01_V01_SRB7",1736,174.333333333333,197,2164.33333333333,NA,NA
"LE07_CU_007013_20171112_20171211_C01_V01_SRCLOUDQA",2,32,32,2,0,0
"LE07_CU_007013_20171121_20171219_C01_V01_LINEAGEQA",2,NA,NA,2,2,2
"LE07_CU_007013_20171121_20171219_C01_V01_PIXELQA",68,NA,NA,68,68,68
"LE07_CU_007013_20171121_20171219_C01_V01_RADSATQA",0,NA,NA,0,0,0
"LE07_CU_007013_20171121_20171219_C01_V01_SRATMOSOPACITYQA",76,NA,NA,24,23,23
"LE07_CU_007013_20171121_20171219_C01_V01_SRB1",692,NA,NA,577.333333333333,506,520
"LE07_CU_007013_20171121_20171219_C01_V01_SRB2",821,NA,NA,561.333333333333,538.666666666667,524.5
"LE07_CU_007013_20171121_20171219_C01_V01_SRB3",686.5,NA,NA,554.333333333333,518,501
"LE07_CU_007013_20171121_20171219_C01_V01_SRB4",739,NA,NA,584,547.333333333333,506
"LE07_CU_007013_20171121_20171219_C01_V01_SRB5",688,NA,NA,519.666666666667,542.666666666667,447.5
"LE07_CU_007013_20171121_20171219_C01_V01_SRB7",560,NA,NA,427.333333333333,404.333333333333,381
"LE07_CU_007013_20171121_20171219_C01_V01_SRCLOUDQA",2,0,0,0,0,16
"LE07_CU_007013_20171128_20171227_C01_V01_LINEAGEQA",NA,1,1,2,2,2
"LE07_CU_007013_20171128_20171227_C01_V01_PIXELQA",NA,68,68,68,68,68
"LE07_CU_007013_20171128_20171227_C01_V01_RADSATQA",NA,0,0,0,0,0
"LE07_CU_007013_20171128_20171227_C01_V01_SRATMOSOPACITYQA",NA,8,8,8,8,8
"LE07_CU_007013_20171128_20171227_C01_V01_SRB1",NA,239.666666666667,212.5,225,223,116
"LE07_CU_007013_20171128_20171227_C01_V01_SRB2",NA,231,271,228,251.666666666667,214
"LE07_CU_007013_20171128_20171227_C01_V01_SRB3",NA,134.666666666667,153,131,197.333333333333,154
"LE07_CU_007013_20171128_20171227_C01_V01_SRB4",NA,122.666666666667,97,123,182,170
"LE07_CU_007013_20171128_20171227_C01_V01_SRB5",NA,87.6666666666667,82.5,86.6666666666667,144,98
"LE07_CU_007013_20171128_20171227_C01_V01_SRB7",NA,57.6666666666667,NA,79.6666666666667,126,0
"LE07_CU_007013_20171128_20171227_C01_V01_SRCLOUDQA",0,32,32,36,32,16
"LE07_CU_007013_20171207_20180104_C01_V01_LINEAGEQA",2,NA,NA,NA,2,2
"LE07_CU_007013_20171207_20180104_C01_V01_PIXELQA",68,NA,NA,NA,68,68
"LE07_CU_007013_20171207_20180104_C01_V01_RADSATQA",0,NA,NA,NA,0,0
"LE07_CU_007013_20171207_20180104_C01_V01_SRATMOSOPACITYQA",9,NA,NA,NA,8,8
"LE07_CU_007013_20171207_20180104_C01_V01_SRB1",365,NA,NA,NA,250.666666666667,242
"LE07_CU_007013_20171207_20180104_C01_V01_SRB2",429,NA,NA,NA,200,162
"LE07_CU_007013_20171207_20180104_C01_V01_SRB3",301,NA,NA,NA,204.333333333333,139
"LE07_CU_007013_20171207_20180104_C01_V01_SRB4",143,NA,NA,NA,153.666666666667,141
"LE07_CU_007013_20171207_20180104_C01_V01_SRB5",68,NA,NA,NA,173.666666666667,NA
"LE07_CU_007013_20171207_20180104_C01_V01_SRB7",NA,NA,NA,NA,95.3333333333333,53
"LE07_CU_007013_20171207_20180104_C01_V01_SRCLOUDQA",32,0,0,0,32,32
"LE07_CU_007013_20171214_20180109_C01_V01_LINEAGEQA",1,1,1,2,2,NA
"LE07_CU_007013_20171214_20180109_C01_V01_PIXELQA",68,68,68,68,68,NA
"LE07_CU_007013_20171214_20180109_C01_V01_RADSATQA",0,0,0,0,0,NA
"LE07_CU_007013_20171214_20180109_C01_V01_SRATMOSOPACITYQA",8,8,8,8,8,NA
"LE07_CU_007013_20171214_20180109_C01_V01_SRB1",497,560.666666666667,538,373.666666666667,497,NA
"LE07_CU_007013_20171214_20180109_C01_V01_SRB2",583,553.666666666667,545,372.333333333333,440,NA
"LE07_CU_007013_20171214_20180109_C01_V01_SRB3",448.5,374.333333333333,404,299,398,NA
"LE07_CU_007013_20171214_20180109_C01_V01_SRB4",262,301,262,248.333333333333,337,NA
"LE07_CU_007013_20171214_20180109_C01_V01_SRB5",87.5,93.6666666666667,87.5,104,213,NA
"LE07_CU_007013_20171214_20180109_C01_V01_SRB7",73.5,23.6666666666667,74,73,221,NA
"LE07_CU_007013_20171214_20180109_C01_V01_SRCLOUDQA",32,32,32,32,10.6666666666667,0
"LE07_CU_007013_20171223_20180118_C01_V01_LINEAGEQA",2,NA,NA,2,NA,NA
"LE07_CU_007013_20171223_20180118_C01_V01_PIXELQA",224,NA,NA,224,NA,NA
"LE07_CU_007013_20171223_20180118_C01_V01_RADSATQA",0,NA,NA,0,NA,NA
"LE07_CU_007013_20171223_20180118_C01_V01_SRATMOSOPACITYQA",141,NA,NA,142,NA,NA
"LE07_CU_007013_20171223_20180118_C01_V01_SRB1",3119,NA,NA,3005.33333333333,NA,NA
"LE07_CU_007013_20171223_20180118_C01_V01_SRB2",3114,NA,NA,3118,NA,NA
"LE07_CU_007013_20171223_20180118_C01_V01_SRB3",3238,NA,NA,3249,NA,NA
"LE07_CU_007013_20171223_20180118_C01_V01_SRB4",3424,NA,NA,3464,NA,NA
"LE07_CU_007013_20171223_20180118_C01_V01_SRB5",2221,NA,NA,2431,NA,NA
"LE07_CU_007013_20171223_20180118_C01_V01_SRB7",1907,NA,NA,2129.33333333333,NA,NA
"LE07_CU_007013_20171223_20180118_C01_V01_SRCLOUDQA",1,0,0,2,0,0
"LE07_CU_007013_20171230_20180128_C01_V01_LINEAGEQA",NA,1,1,2,2,2
"LE07_CU_007013_20171230_20180128_C01_V01_PIXELQA",NA,68,68,68,68,68
"LE07_CU_007013_20171230_20180128_C01_V01_RADSATQA",NA,0,0,0,0,0
"LE07_CU_007013_20171230_20180128_C01_V01_SRATMOSOPACITYQA",NA,8,8,9,9,9
"LE07_CU_007013_20171230_20180128_C01_V01_SRB1",NA,360,395.5,242.333333333333,264.666666666667,188
"LE07_CU_007013_20171230_20180128_C01_V01_SRB2",NA,378.333333333333,444,267.666666666667,286.333333333333,222
"LE07_CU_007013_20171230_20180128_C01_V01_SRB3",NA,270,289,197.333333333333,233.333333333333,148
"LE07_CU_007013_20171230_20180128_C01_V01_SRB4",NA,225,225,174,251.666666666667,166.5
"LE07_CU_007013_20171230_20180128_C01_V01_SRB5",NA,194,181.5,154.333333333333,166.333333333333,105.5
"LE07_CU_007013_20171230_20180128_C01_V01_SRB7",NA,151,132,98.3333333333333,162.333333333333,112
"LE07_CU_007013_20171230_20180128_C01_V01_SRCLOUDQA",0,33.3333333333333,32,32,21.3333333333333,32
"LE07_CU_007013_20180108_20180206_C01_V01_LINEAGEQA",2,NA,NA,NA,2,2
"LE07_CU_007013_20180108_20180206_C01_V01_PIXELQA",224,NA,NA,NA,224,224
"LE07_CU_007013_20180108_20180206_C01_V01_RADSATQA",0,NA,NA,NA,0,0
"LE07_CU_007013_20180108_20180206_C01_V01_SRATMOSOPACITYQA",179,NA,NA,NA,166,166
"LE07_CU_007013_20180108_20180206_C01_V01_SRB1",3619.5,NA,NA,NA,1907,1959
"LE07_CU_007013_20180108_20180206_C01_V01_SRB2",3532,NA,NA,NA,1798.33333333333,1821
"LE07_CU_007013_20180108_20180206_C01_V01_SRB3",3881,NA,NA,NA,1956,2024
"LE07_CU_007013_20180108_20180206_C01_V01_SRB4",4335,NA,NA,NA,2250.66666666667,2272
"LE07_CU_007013_20180108_20180206_C01_V01_SRB5",3573.5,NA,NA,NA,1688.33333333333,1701
"LE07_CU_007013_20180108_20180206_C01_V01_SRB7",3163.5,NA,NA,NA,1469.33333333333,1490
"LE07_CU_007013_20180108_20180206_C01_V01_SRCLOUDQA",2,0,0,0,2,2
"LE07_CU_007013_20180115_20180212_C01_V01_LINEAGEQA",1,1,1,2,2,2
"LE07_CU_007013_20180115_20180212_C01_V01_PIXELQA",224,68,68,68,68,68
"LE07_CU_007013_20180115_20180212_C01_V01_RADSATQA",0,0,0,0,0,0
"LE07_CU_007013_20180115_20180212_C01_V01_SRATMOSOPACITYQA",8,8,8,8,8,8
"LE07_CU_007013_20180115_20180212_C01_V01_SRB1",1785,280.333333333333,248.5,460.5,458,454.5
"LE07_CU_007013_20180115_20180212_C01_V01_SRB2",1867,251.666666666667,295,420,529.666666666667,494
"LE07_CU_007013_20180115_20180212_C01_V01_SRB3",1851.5,153.666666666667,191.5,343.5,455.333333333333,396.5
"LE07_CU_007013_20180115_20180212_C01_V01_SRB4",1935,141,103,406,480.333333333333,424
"LE07_CU_007013_20180115_20180212_C01_V01_SRB5",1363,55,49,331.5,420,314
"LE07_CU_007013_20180115_20180212_C01_V01_SRB7",1139,23.6666666666667,54.5,199.5,303.666666666667,255
"LE07_CU_007013_20180115_20180212_C01_V01_SRCLOUDQA",2,32,32,0,0,16
"LE07_CU_007013_20180124_20180220_C01_V01_LINEAGEQA",2,NA,NA,NA,NA,2
"LE07_CU_007013_20180124_20180220_C01_V01_PIXELQA",68,NA,NA,NA,NA,68
"LE07_CU_007013_20180124_20180220_C01_V01_RADSATQA",0,NA,NA,NA,NA,0
"LE07_CU_007013_20180124_20180220_C01_V01_SRATMOSOPACITYQA",9,NA,NA,NA,NA,8
"LE07_CU_007013_20180124_20180220_C01_V01_SRB1",412.5,NA,NA,NA,NA,272.5
"LE07_CU_007013_20180124_20180220_C01_V01_SRB2",523,NA,NA,NA,NA,260
"LE07_CU_007013_20180124_20180220_C01_V01_SRB3",266,NA,NA,NA,NA,181
"LE07_CU_007013_20180124_20180220_C01_V01_SRB4",116.5,NA,NA,NA,NA,132
"LE07_CU_007013_20180124_20180220_C01_V01_SRB5",81.5,NA,NA,NA,NA,81
"LE07_CU_007013_20180124_20180220_C01_V01_SRB7",33,NA,NA,NA,NA,102
"LE07_CU_007013_20180124_20180220_C01_V01_SRCLOUDQA",32,0,0,0,0,32
"LE07_CU_007013_20180131_20180227_C01_V01_LINEAGEQA",NA,1,1,2,2,2
"LE07_CU_007013_20180131_20180227_C01_V01_PIXELQA",NA,68,68,68,68,68
"LE07_CU_007013_20180131_20180227_C01_V01_RADSATQA",NA,0,0,0,0,0
"LE07_CU_007013_20180131_20180227_C01_V01_SRATMOSOPACITYQA",NA,8,8,8,8,8
"LE07_CU_007013_20180131_20180227_C01_V01_SRB1",NA,234.333333333333,273,235.333333333333,285.333333333333,243.5
"LE07_CU_007013_20180131_20180227_C01_V01_SRB2",NA,243,253,251,312.333333333333,242
"LE07_CU_007013_20180131_20180227_C01_V01_SRB3",NA,108.333333333333,129.5,138.666666666667,227.333333333333,207.5
"LE07_CU_007013_20180131_20180227_C01_V01_SRB4",NA,102.666666666667,126,137.333333333333,227,193
"LE07_CU_007013_20180131_20180227_C01_V01_SRB5",NA,51.3333333333333,46,135.666666666667,200.333333333333,157
"LE07_CU_007013_20180131_20180227_C01_V01_SRB7",NA,32.3333333333333,33,152,140.666666666667,47.5
"LE07_CU_007013_20180131_20180227_C01_V01_SRCLOUDQA",0,36,32,32,21.3333333333333,32
"LE07_CU_007013_20180209_20180307_C01_V01_LINEAGEQA",NA,NA,NA,2,2,2
"LE07_CU_007013_20180209_20180307_C01_V01_PIXELQA",NA,NA,NA,68,68,68
"LE07_CU_007013_20180209_20180307_C01_V01_RADSATQA",NA,NA,NA,0,0,0
"LE07_CU_007013_20180209_20180307_C01_V01_SRATMOSOPACITYQA",NA,NA,NA,8,8,8
"LE07_CU_007013_20180209_20180307_C01_V01_SRB1",NA,NA,NA,210.666666666667,240.666666666667,249.5
"LE07_CU_007013_20180209_20180307_C01_V01_SRB2",NA,NA,NA,187,248.666666666667,190.5
"LE07_CU_007013_20180209_20180307_C01_V01_SRB3",NA,NA,NA,105.666666666667,156.666666666667,142
"LE07_CU_007013_20180209_20180307_C01_V01_SRB4",NA,NA,NA,98,206.666666666667,119
"LE07_CU_007013_20180209_20180307_C01_V01_SRB5",NA,NA,NA,100,140.666666666667,74
"LE07_CU_007013_20180209_20180307_C01_V01_SRB7",NA,NA,NA,93.6666666666667,114.333333333333,78
"LE07_CU_007013_20180209_20180307_C01_V01_SRCLOUDQA",0,0,0,32,40,40
"LE07_CU_007013_20180216_20180315_C01_V01_LINEAGEQA",1,1,1,2,2,2
"LE07_CU_007013_20180216_20180315_C01_V01_PIXELQA",224,224,224,224,224,224
"LE07_CU_007013_20180216_20180315_C01_V01_RADSATQA",0,2,0,2,2,2
"LE07_CU_007013_20180216_20180315_C01_V01_SRATMOSOPACITYQA",NA,NA,NA,NA,NA,NA
"LE07_CU_007013_20180216_20180315_C01_V01_SRB1",3370,20000,4514.5,20000,20000,20000
"LE07_CU_007013_20180216_20180315_C01_V01_SRB2",3370,4916.33333333333,4565.5,4718,4878,4823.5
"LE07_CU_007013_20180216_20180315_C01_V01_SRB3",3488,5131,4780.5,4888.5,5076,4986
"LE07_CU_007013_20180216_20180315_C01_V01_SRB4",3662,5187.66666666667,4809,5124,5300.66666666667,5249
"LE07_CU_007013_20180216_20180315_C01_V01_SRB5",1790.5,2206,2129,2139.5,2154.33333333333,2169
"LE07_CU_007013_20180216_20180315_C01_V01_SRB7",1556.5,1997.33333333333,1917.5,1918,1963.66666666667,1918
"LE07_CU_007013_20180216_20180315_C01_V01_SRCLOUDQA",2,2,21,1.33333333333333,2,2
